<?xml version="1.0" encoding="UTF-8"?>
<ModuleInfo>  <ModulePN>MOD01D00E40061????</ModulePN><Creator PN="01" Name="Acer-HQ1">  </Creator><Type PN="D00" Name="Drivers">  </Type><Module Alias="" PN="E4" Name="Intel TurboBoost_Manageability Engine Code Manageability Engine Code" Provider="Intel" GUID="" Class="TurboBoost_Manageability Engine Code" Serial="Manageability Engine Code">  </Module><WOS Sku="W10 All" PN="61" CPU="X64">  </WOS><Lang>All language</Lang><ModuleVersion>v11.7.0.1028</ModuleVersion><DriverVersion>v11.7.0.1014</DriverVersion><OptionVersion>SetupME.exe -s</OptionVersion><ProjectCodeName>NULL</ProjectCodeName><OdmName>NBCOM</OdmName><ModuleTimeout>30</ModuleTimeout><InstallPreiod>UserAlaunch</InstallPreiod><Reboot>False</Reboot><Delete>False</Delete><ReinstallProcessList>    <Process RetCode="-" OS-Language="" Period="" Params="" Timeout="0" OS-Sku="" Order="00" Check="" Exec="%RELATIVE_PATH%\SetupME.exe" Country="">  </Process></ReinstallProcessList><AutoRun>True</AutoRun><InstallPath>  </InstallPath><Description>  </Description><ProcessList>    <Process RetCode="-" OS-Language="" Period="" Params="-s" Timeout="30" OS-Sku="" Order="00" Check="False" Exec="%RELATIVE_PATH%\SetupME.exe" Country="">  </Process></ProcessList><RegItemList>  </RegItemList><ModuleProperty>RCD,STCD,RSCD</ModuleProperty><HWIDs>PCI\VEN_8086&amp;DEV_9D3A</HWIDs><AutoCheckHWID>True</AutoCheckHWID><CheckRemove>True</CheckRemove><MVPKernelVersion>2.0.5.7</MVPKernelVersion><MVPUIVersion>2.0.6.6</MVPUIVersion><LOB>Notebook</LOB></ModuleInfo>